datetime,symbol,IND_SCORE,rank,rank_diff
2023-02-10 00:00:00-05:00,ABNB,44.35382877040602,84.0,
2023-02-10 00:00:00-05:00,ADBE,48.57535259107824,58.0,
2023-02-10 00:00:00-05:00,ADI,54.41020308121592,22.0,
2023-02-10 00:00:00-05:00,ADP,46.84061980516253,67.0,
2023-02-10 00:00:00-05:00,ADSK,58.486847851249735,9.0,
2023-02-10 00:00:00-05:00,AEP,45.000196553487456,82.0,
2023-02-10 00:00:00-05:00,ALGN,64.56496060000626,1.0,
2023-02-10 00:00:00-05:00,AMAT,52.06599507836705,34.0,
2023-02-10 00:00:00-05:00,AMD,52.983676020887074,29.0,
2023-02-10 00:00:00-05:00,AMGN,42.49949921669311,88.0,
2023-02-10 00:00:00-05:00,ANSS,49.58538161136602,52.0,
2023-02-10 00:00:00-05:00,ASML,52.670544304346535,31.0,
2023-02-10 00:00:00-05:00,ATVI,48.59133681382392,57.0,
2023-02-10 00:00:00-05:00,AVGO,51.531052730368415,40.0,
2023-02-10 00:00:00-05:00,AZN,57.78155927685732,11.0,
2023-02-10 00:00:00-05:00,BIIB,51.880183361389186,38.0,
2023-02-10 00:00:00-05:00,BKNG,50.17976068170324,48.0,
2023-02-10 00:00:00-05:00,BKR,57.717303396921025,12.0,
2023-02-10 00:00:00-05:00,CDNS,51.95658417948633,37.0,
2023-02-10 00:00:00-05:00,CEG,52.892777649671174,30.0,
2023-02-10 00:00:00-05:00,CHTR,47.00337006587515,66.0,
2023-02-10 00:00:00-05:00,CMCSA,47.381150305403665,65.0,
2023-02-10 00:00:00-05:00,COST,47.56349270321003,62.0,
2023-02-10 00:00:00-05:00,CPRT,55.61537670118001,20.0,
2023-02-10 00:00:00-05:00,CRWD,40.56151550824179,92.0,
2023-02-10 00:00:00-05:00,CSCO,47.80883420420503,60.0,
2023-02-10 00:00:00-05:00,CSGP,47.79248819967825,61.0,
2023-02-10 00:00:00-05:00,CSX,50.70477999645632,45.0,
2023-02-10 00:00:00-05:00,CTAS,49.98368978136581,49.0,
2023-02-10 00:00:00-05:00,CTSH,50.83834840011545,43.0,
2023-02-10 00:00:00-05:00,DDOG,51.35535688942442,42.0,
2023-02-10 00:00:00-05:00,DLTR,46.13523620545701,73.0,
2023-02-10 00:00:00-05:00,DXCM,59.234416980802116,8.0,
2023-02-10 00:00:00-05:00,EA,36.30055937166207,94.0,
2023-02-10 00:00:00-05:00,EBAY,49.31060802133419,55.0,
2023-02-10 00:00:00-05:00,ENPH,41.598860832806906,90.0,
2023-02-10 00:00:00-05:00,EXC,46.004550944540014,75.0,
2023-02-10 00:00:00-05:00,FANG,51.490348448722436,41.0,
2023-02-10 00:00:00-05:00,FAST,51.98364200444037,36.0,
2023-02-10 00:00:00-05:00,FISV,61.83320718258977,4.0,
2023-02-10 00:00:00-05:00,FTNT,64.16907090856753,2.0,
2023-02-10 00:00:00-05:00,GFS,61.73703595315556,5.0,
2023-02-10 00:00:00-05:00,GILD,58.071191451365685,10.0,
2023-02-10 00:00:00-05:00,GOOG,41.02765873563554,91.0,
2023-02-10 00:00:00-05:00,GOOGL,41.63001393793176,89.0,
2023-02-10 00:00:00-05:00,HON,45.595949992498824,79.0,
2023-02-10 00:00:00-05:00,IDXX,53.22285306689244,28.0,
2023-02-10 00:00:00-05:00,ILMN,38.48676290601746,93.0,
2023-02-10 00:00:00-05:00,INTC,43.100216540145354,85.0,
2023-02-10 00:00:00-05:00,INTU,46.83951487940768,68.0,
2023-02-10 00:00:00-05:00,ISRG,46.53741223072873,71.0,
2023-02-10 00:00:00-05:00,JD,35.88747728982006,95.0,
2023-02-10 00:00:00-05:00,KDP,49.05958707082555,56.0,
2023-02-10 00:00:00-05:00,KHC,49.97065020928202,50.0,
2023-02-10 00:00:00-05:00,KLAC,50.20787437161629,47.0,
2023-02-10 00:00:00-05:00,LCID,29.03281324413498,98.0,
2023-02-10 00:00:00-05:00,LRCX,53.85609260944147,25.0,
2023-02-10 00:00:00-05:00,LULU,45.80208578662465,78.0,
2023-02-10 00:00:00-05:00,MAR,51.86958763600637,39.0,
2023-02-10 00:00:00-05:00,MCHP,57.55996728167901,13.0,
2023-02-10 00:00:00-05:00,MDLZ,50.761057659290394,44.0,
2023-02-10 00:00:00-05:00,MELI,49.52580835311459,54.0,
2023-02-10 00:00:00-05:00,META,61.12236469150084,6.0,
2023-02-10 00:00:00-05:00,MNST,53.73821242391517,26.0,
2023-02-10 00:00:00-05:00,MRNA,42.66654793846251,87.0,
2023-02-10 00:00:00-05:00,MRVL,46.77169753529834,69.0,
2023-02-10 00:00:00-05:00,MSFT,52.58390425799625,32.0,
2023-02-10 00:00:00-05:00,MU,45.111278486629345,80.0,
2023-02-10 00:00:00-05:00,NFLX,56.22298057118521,16.0,
2023-02-10 00:00:00-05:00,NVDA,62.94615872744107,3.0,
2023-02-10 00:00:00-05:00,NXPI,53.37355584684777,27.0,
2023-02-10 00:00:00-05:00,ODFL,57.363489884564196,14.0,
2023-02-10 00:00:00-05:00,ORLY,59.640922132153875,7.0,
2023-02-10 00:00:00-05:00,PANW,55.78848611366522,19.0,
2023-02-10 00:00:00-05:00,PAYX,46.51344340473989,72.0,
2023-02-10 00:00:00-05:00,PCAR,55.92501930011695,17.0,
2023-02-10 00:00:00-05:00,PDD,56.46236946900843,15.0,
2023-02-10 00:00:00-05:00,PEP,54.46499613424093,21.0,
2023-02-10 00:00:00-05:00,PYPL,45.882679449566574,76.0,
2023-02-10 00:00:00-05:00,QCOM,46.58456346196962,70.0,
2023-02-10 00:00:00-05:00,REGN,52.0123533368041,35.0,
2023-02-10 00:00:00-05:00,RIVN,33.31616455241842,96.0,
2023-02-10 00:00:00-05:00,ROST,54.245963909415174,23.0,
2023-02-10 00:00:00-05:00,SBUX,55.85307738080256,18.0,
2023-02-10 00:00:00-05:00,SGEN,45.03209753438882,81.0,
2023-02-10 00:00:00-05:00,SIRI,31.24789717954588,97.0,
2023-02-10 00:00:00-05:00,SNPS,52.15037630865022,33.0,
2023-02-10 00:00:00-05:00,TEAM,48.45888622013979,59.0,
2023-02-10 00:00:00-05:00,TMUS,49.76708977463955,51.0,
2023-02-10 00:00:00-05:00,TXN,49.577661243990946,53.0,
2023-02-10 00:00:00-05:00,VRSK,45.82794404816442,77.0,
2023-02-10 00:00:00-05:00,VRTX,44.48564343424841,83.0,
2023-02-10 00:00:00-05:00,WBA,46.01373764295673,74.0,
2023-02-10 00:00:00-05:00,WBD,47.512977180930065,63.0,
2023-02-10 00:00:00-05:00,WDAY,53.95656583043715,24.0,
2023-02-10 00:00:00-05:00,XEL,47.463434649265466,64.0,
2023-02-10 00:00:00-05:00,ZM,42.88462963109163,86.0,
2023-02-10 00:00:00-05:00,ZS,50.292158564764186,46.0,
2023-02-13 00:00:00-05:00,ABNB,53.376895724537974,45.0,-39.0
2023-02-13 00:00:00-05:00,ADBE,50.5348273191349,67.0,9.0
2023-02-13 00:00:00-05:00,ADI,59.21014172870361,15.0,-7.0
2023-02-13 00:00:00-05:00,ADP,52.05251252256966,57.0,-10.0
2023-02-13 00:00:00-05:00,ADSK,60.0402527408681,13.0,4.0
2023-02-13 00:00:00-05:00,AEP,49.71733442922019,70.0,-12.0
2023-02-13 00:00:00-05:00,ALGN,68.28684860779568,1.0,0.0
2023-02-13 00:00:00-05:00,AMAT,56.51916377196117,27.0,-7.0
2023-02-13 00:00:00-05:00,AMD,56.957234637836066,24.0,-5.0
2023-02-13 00:00:00-05:00,AMGN,48.45883164283428,81.0,-7.0
2023-02-13 00:00:00-05:00,ANSS,52.60056087191054,50.0,-2.0
2023-02-13 00:00:00-05:00,ASML,55.70097422960177,33.0,2.0
2023-02-13 00:00:00-05:00,ATVI,53.23189934153933,47.0,-10.0
2023-02-13 00:00:00-05:00,AVGO,53.620198471247754,44.0,4.0
2023-02-13 00:00:00-05:00,AZN,58.78820015485569,18.0,7.0
2023-02-13 00:00:00-05:00,BIIB,57.70317507109017,22.0,-16.0
2023-02-13 00:00:00-05:00,BKNG,53.913386723793785,42.0,-6.0
2023-02-13 00:00:00-05:00,BKR,58.42232644581985,19.0,7.0
2023-02-13 00:00:00-05:00,CDNS,54.60152789988544,39.0,2.0
2023-02-13 00:00:00-05:00,CEG,59.168875605618055,16.0,-14.0
2023-02-13 00:00:00-05:00,CHTR,48.19194966814069,84.0,18.0
2023-02-13 00:00:00-05:00,CMCSA,51.493808268236165,61.0,-4.0
2023-02-13 00:00:00-05:00,COST,48.911682678438105,75.0,13.0
2023-02-13 00:00:00-05:00,CPRT,56.108974237139904,30.0,10.0
2023-02-13 00:00:00-05:00,CRWD,44.66454900922894,90.0,-2.0
2023-02-13 00:00:00-05:00,CSCO,51.23094553844639,63.0,3.0
2023-02-13 00:00:00-05:00,CSGP,51.17702007585963,64.0,3.0
2023-02-13 00:00:00-05:00,CSX,52.27114822965069,54.0,9.0
2023-02-13 00:00:00-05:00,CTAS,56.3651016352092,28.0,-21.0
2023-02-13 00:00:00-05:00,CTSH,54.50066180778379,40.0,-3.0
2023-02-13 00:00:00-05:00,DDOG,50.52536511954368,68.0,26.0
2023-02-13 00:00:00-05:00,DLTR,46.71089529542821,88.0,15.0
2023-02-13 00:00:00-05:00,DXCM,65.06063446617162,4.0,-4.0
2023-02-13 00:00:00-05:00,EA,39.402884375032805,94.0,0.0
2023-02-13 00:00:00-05:00,EBAY,52.205785392627966,55.0,0.0
2023-02-13 00:00:00-05:00,ENPH,41.465609052890585,93.0,3.0
2023-02-13 00:00:00-05:00,EXC,48.84164267995124,76.0,1.0
2023-02-13 00:00:00-05:00,FANG,57.23062027895012,23.0,-18.0
2023-02-13 00:00:00-05:00,FAST,55.66901645453734,34.0,-2.0
2023-02-13 00:00:00-05:00,FISV,60.93035913372879,12.0,8.0
2023-02-13 00:00:00-05:00,FTNT,63.17422686197289,7.0,5.0
2023-02-13 00:00:00-05:00,GFS,65.63098033144203,3.0,-2.0
2023-02-13 00:00:00-05:00,GILD,61.121477211385574,10.0,0.0
2023-02-13 00:00:00-05:00,GOOG,42.39775399549805,92.0,1.0
2023-02-13 00:00:00-05:00,GOOGL,42.78048674744841,91.0,2.0
2023-02-13 00:00:00-05:00,HON,48.13731142557027,85.0,6.0
2023-02-13 00:00:00-05:00,IDXX,55.84153715765222,32.0,4.0
2023-02-13 00:00:00-05:00,ILMN,48.575326760292846,78.0,-15.0
2023-02-13 00:00:00-05:00,INTC,47.22789874726298,87.0,2.0
2023-02-13 00:00:00-05:00,INTU,48.55556198734343,79.0,11.0
2023-02-13 00:00:00-05:00,ISRG,47.42518595903272,86.0,15.0
2023-02-13 00:00:00-05:00,JD,37.283875490551694,96.0,1.0
2023-02-13 00:00:00-05:00,KDP,51.234962929713745,62.0,6.0
2023-02-13 00:00:00-05:00,KHC,52.58800041518901,52.0,2.0
2023-02-13 00:00:00-05:00,KLAC,53.34760075626993,46.0,-1.0
2023-02-13 00:00:00-05:00,LCID,34.24261190289399,97.0,-1.0
2023-02-13 00:00:00-05:00,LRCX,55.27843989190027,36.0,11.0
2023-02-13 00:00:00-05:00,LULU,52.048900837847626,58.0,-20.0
2023-02-13 00:00:00-05:00,MAR,52.59244041707673,51.0,12.0
2023-02-13 00:00:00-05:00,MCHP,60.95486021735357,11.0,-2.0
2023-02-13 00:00:00-05:00,MDLZ,53.85072060980113,43.0,-1.0
2023-02-13 00:00:00-05:00,MELI,52.18118795861397,56.0,2.0
2023-02-13 00:00:00-05:00,META,65.84449634375946,2.0,-4.0
2023-02-13 00:00:00-05:00,MNST,55.88708908188504,31.0,5.0
2023-02-13 00:00:00-05:00,MRNA,50.826882244320466,65.0,-22.0
2023-02-13 00:00:00-05:00,MRVL,53.0688874989034,48.0,-21.0
2023-02-13 00:00:00-05:00,MSFT,56.8109915143892,25.0,-7.0
2023-02-13 00:00:00-05:00,MU,49.0575272130726,74.0,-6.0
2023-02-13 00:00:00-05:00,NFLX,58.33249865592084,20.0,4.0
2023-02-13 00:00:00-05:00,NVDA,64.41992003842735,5.0,2.0
2023-02-13 00:00:00-05:00,NXPI,55.404872210885024,35.0,8.0
2023-02-13 00:00:00-05:00,ODFL,61.12731682794355,9.0,-5.0
2023-02-13 00:00:00-05:00,ORLY,61.574351234948004,8.0,1.0
2023-02-13 00:00:00-05:00,PANW,52.847226383707,49.0,30.0
2023-02-13 00:00:00-05:00,PAYX,48.72130353142964,77.0,5.0
2023-02-13 00:00:00-05:00,PCAR,58.960947814398494,17.0,0.0
2023-02-13 00:00:00-05:00,PDD,64.27946805776841,6.0,-9.0
2023-02-13 00:00:00-05:00,PEP,56.60905532222354,26.0,5.0
2023-02-13 00:00:00-05:00,PYPL,49.620723176169015,71.0,-5.0
2023-02-13 00:00:00-05:00,QCOM,48.54757223848903,80.0,10.0
2023-02-13 00:00:00-05:00,REGN,58.25090814335654,21.0,-14.0
2023-02-13 00:00:00-05:00,RIVN,37.608752984614945,95.0,-1.0
2023-02-13 00:00:00-05:00,ROST,56.13125181079375,29.0,6.0
2023-02-13 00:00:00-05:00,SBUX,59.40857864333074,14.0,-4.0
2023-02-13 00:00:00-05:00,SGEN,48.45333496800487,82.0,1.0
2023-02-13 00:00:00-05:00,SIRI,31.588454763533193,98.0,1.0
2023-02-13 00:00:00-05:00,SNPS,54.44168453513931,41.0,8.0
2023-02-13 00:00:00-05:00,TEAM,52.4808346486475,53.0,-6.0
2023-02-13 00:00:00-05:00,TMUS,51.85549327353393,60.0,9.0
2023-02-13 00:00:00-05:00,TXN,52.037858443854276,59.0,6.0
2023-02-13 00:00:00-05:00,VRSK,48.294938880991,83.0,6.0
2023-02-13 00:00:00-05:00,VRTX,50.27752430932306,69.0,-14.0
2023-02-13 00:00:00-05:00,WBA,49.537159536879045,72.0,-2.0
2023-02-13 00:00:00-05:00,WBD,54.761849535394994,38.0,-25.0
2023-02-13 00:00:00-05:00,WDAY,54.9687720055397,37.0,13.0
2023-02-13 00:00:00-05:00,XEL,50.79370517238378,66.0,2.0
2023-02-13 00:00:00-05:00,ZM,46.080660116113016,89.0,3.0
2023-02-13 00:00:00-05:00,ZS,49.37057555136447,73.0,27.0
2023-02-14 00:00:00-05:00,ABNB,60.96283752443454,16.0,-29.0
2023-02-14 00:00:00-05:00,ADBE,52.02183164835993,68.0,1.0
2023-02-14 00:00:00-05:00,ADI,61.22657419890195,13.0,-2.0
2023-02-14 00:00:00-05:00,ADP,50.35109424548524,75.0,18.0
2023-02-14 00:00:00-05:00,ADSK,57.88320024149294,28.0,15.0
2023-02-14 00:00:00-05:00,AEP,49.561997575587675,82.0,12.0
2023-02-14 00:00:00-05:00,ALGN,74.3735405143583,1.0,0.0
2023-02-14 00:00:00-05:00,AMAT,58.82134727869483,23.0,-4.0
2023-02-14 00:00:00-05:00,AMD,60.71511915331832,17.0,-7.0
2023-02-14 00:00:00-05:00,AMGN,48.150988705057806,87.0,6.0
2023-02-14 00:00:00-05:00,ANSS,56.5492557693998,36.0,-14.0
2023-02-14 00:00:00-05:00,ASML,61.21522502234033,14.0,-19.0
2023-02-14 00:00:00-05:00,ATVI,52.28451795578932,66.0,19.0
2023-02-14 00:00:00-05:00,AVGO,58.23420271471963,25.0,-19.0
2023-02-14 00:00:00-05:00,AZN,60.03920081793337,19.0,1.0
2023-02-14 00:00:00-05:00,BIIB,57.6735286841129,30.0,8.0
2023-02-14 00:00:00-05:00,BKNG,55.94390562519234,39.0,-3.0
2023-02-14 00:00:00-05:00,BKR,56.449234617912,37.0,18.0
2023-02-14 00:00:00-05:00,CDNS,62.82707790750138,9.0,-30.0
2023-02-14 00:00:00-05:00,CEG,56.73932124490463,34.0,18.0
2023-02-14 00:00:00-05:00,CHTR,53.96918889055744,54.0,-30.0
2023-02-14 00:00:00-05:00,CMCSA,53.22976375478228,61.0,0.0
2023-02-14 00:00:00-05:00,COST,52.49683822132241,64.0,-11.0
2023-02-14 00:00:00-05:00,CPRT,57.21144162596084,33.0,3.0
2023-02-14 00:00:00-05:00,CRWD,46.24409859587191,89.0,-1.0
2023-02-14 00:00:00-05:00,CSCO,51.44770397589177,69.0,6.0
2023-02-14 00:00:00-05:00,CSGP,53.029786991078915,63.0,-1.0
2023-02-14 00:00:00-05:00,CSX,51.15853006119665,71.0,17.0
2023-02-14 00:00:00-05:00,CTAS,54.58102988551708,48.0,20.0
2023-02-14 00:00:00-05:00,CTSH,53.756377411765435,58.0,18.0
2023-02-14 00:00:00-05:00,DDOG,54.18845299397049,51.0,-17.0
2023-02-14 00:00:00-05:00,DLTR,47.188883994570276,88.0,0.0
2023-02-14 00:00:00-05:00,DXCM,64.44209514888443,7.0,3.0
2023-02-14 00:00:00-05:00,EA,41.60636860399786,94.0,0.0
2023-02-14 00:00:00-05:00,EBAY,53.425626732462725,59.0,4.0
2023-02-14 00:00:00-05:00,ENPH,42.96698127836737,93.0,0.0
2023-02-14 00:00:00-05:00,EXC,51.36725777922345,70.0,-6.0
2023-02-14 00:00:00-05:00,FANG,58.05841491293951,26.0,3.0
2023-02-14 00:00:00-05:00,FAST,55.824377446748954,41.0,7.0
2023-02-14 00:00:00-05:00,FISV,60.20575808110985,18.0,6.0
2023-02-14 00:00:00-05:00,FTNT,66.43594806633708,5.0,-2.0
2023-02-14 00:00:00-05:00,GFS,72.05702959649031,2.0,-1.0
2023-02-14 00:00:00-05:00,GILD,59.34924465188912,21.0,11.0
2023-02-14 00:00:00-05:00,GOOG,44.008193995020505,92.0,0.0
2023-02-14 00:00:00-05:00,GOOGL,44.50799481998922,91.0,0.0
2023-02-14 00:00:00-05:00,HON,50.86311086835741,72.0,-13.0
2023-02-14 00:00:00-05:00,IDXX,62.43818905683839,11.0,-21.0
2023-02-14 00:00:00-05:00,ILMN,50.67411900771573,73.0,-5.0
2023-02-14 00:00:00-05:00,INTC,48.623334531203476,86.0,-1.0
2023-02-14 00:00:00-05:00,INTU,49.34443197340167,83.0,4.0
2023-02-14 00:00:00-05:00,ISRG,48.96966283655924,84.0,-2.0
2023-02-14 00:00:00-05:00,JD,37.37434803782435,97.0,1.0
2023-02-14 00:00:00-05:00,KDP,50.03430541917273,78.0,16.0
2023-02-14 00:00:00-05:00,KHC,52.181737974960846,67.0,15.0
2023-02-14 00:00:00-05:00,KLAC,55.79081972211716,42.0,-4.0
2023-02-14 00:00:00-05:00,LCID,37.79101370287386,96.0,-1.0
2023-02-14 00:00:00-05:00,LRCX,54.31738069958122,50.0,14.0
2023-02-14 00:00:00-05:00,LULU,54.754623964599915,46.0,-12.0
2023-02-14 00:00:00-05:00,MAR,57.812657474582025,29.0,-22.0
2023-02-14 00:00:00-05:00,MCHP,61.78702273205589,12.0,1.0
2023-02-14 00:00:00-05:00,MDLZ,53.90058714957418,55.0,12.0
2023-02-14 00:00:00-05:00,MELI,53.160829882281774,62.0,6.0
2023-02-14 00:00:00-05:00,META,69.02685849242386,4.0,2.0
2023-02-14 00:00:00-05:00,MNST,55.9076394460582,40.0,9.0
2023-02-14 00:00:00-05:00,MRNA,54.37838492443278,49.0,-16.0
2023-02-14 00:00:00-05:00,MRVL,56.563797568208386,35.0,-13.0
2023-02-14 00:00:00-05:00,MSFT,61.02178729630714,15.0,-10.0
2023-02-14 00:00:00-05:00,MU,53.756807292613175,57.0,-17.0
2023-02-14 00:00:00-05:00,NFLX,58.490034999336544,24.0,4.0
2023-02-14 00:00:00-05:00,NVDA,69.07708463515166,3.0,-2.0
2023-02-14 00:00:00-05:00,NXPI,54.99363139452211,44.0,9.0
2023-02-14 00:00:00-05:00,ODFL,63.82736086647387,8.0,-1.0
2023-02-14 00:00:00-05:00,ORLY,62.78139312044097,10.0,2.0
2023-02-14 00:00:00-05:00,PANW,56.21216127257113,38.0,-11.0
2023-02-14 00:00:00-05:00,PAYX,49.9884471696867,79.0,2.0
2023-02-14 00:00:00-05:00,PCAR,57.97511118235865,27.0,10.0
2023-02-14 00:00:00-05:00,PDD,65.09164594051181,6.0,0.0
2023-02-14 00:00:00-05:00,PEP,54.824051882923335,45.0,19.0
2023-02-14 00:00:00-05:00,PYPL,46.010783078040596,90.0,19.0
2023-02-14 00:00:00-05:00,QCOM,52.38234424165162,65.0,-15.0
2023-02-14 00:00:00-05:00,REGN,55.448351680859886,43.0,22.0
2023-02-14 00:00:00-05:00,RIVN,37.937446167995645,95.0,0.0
2023-02-14 00:00:00-05:00,ROST,57.648004103596676,31.0,2.0
2023-02-14 00:00:00-05:00,SBUX,59.020163458060594,22.0,8.0
2023-02-14 00:00:00-05:00,SGEN,54.12710110230487,53.0,-29.0
2023-02-14 00:00:00-05:00,SIRI,31.531188705255303,98.0,0.0
2023-02-14 00:00:00-05:00,SNPS,57.433117178721545,32.0,-9.0
2023-02-14 00:00:00-05:00,TEAM,59.43392794407082,20.0,-33.0
2023-02-14 00:00:00-05:00,TMUS,54.16516509680509,52.0,-8.0
2023-02-14 00:00:00-05:00,TXN,53.82949898847202,56.0,-3.0
2023-02-14 00:00:00-05:00,VRSK,49.82506829317018,80.0,-3.0
2023-02-14 00:00:00-05:00,VRTX,50.22753659081607,76.0,7.0
2023-02-14 00:00:00-05:00,WBA,49.73461206991389,81.0,9.0
2023-02-14 00:00:00-05:00,WBD,53.23227892174865,60.0,22.0
2023-02-14 00:00:00-05:00,WDAY,54.70966233300018,47.0,10.0
2023-02-14 00:00:00-05:00,XEL,50.12603662184896,77.0,11.0
2023-02-14 00:00:00-05:00,ZM,48.89720895497682,85.0,-4.0
2023-02-14 00:00:00-05:00,ZS,50.405886357868155,74.0,1.0
2023-02-15 00:00:00-05:00,ABNB,73.25543006927944,2.0,-14.0
2023-02-15 00:00:00-05:00,ADBE,53.19388564134597,61.0,-7.0
2023-02-15 00:00:00-05:00,ADI,67.73000826783553,4.0,-9.0
2023-02-15 00:00:00-05:00,ADP,47.55786202513502,84.0,9.0
2023-02-15 00:00:00-05:00,ADSK,60.315325946334276,19.0,-9.0
2023-02-15 00:00:00-05:00,AEP,47.30697022446604,86.0,4.0
2023-02-15 00:00:00-05:00,ALGN,73.88357415786173,1.0,0.0
2023-02-15 00:00:00-05:00,AMAT,58.31838282503015,31.0,8.0
2023-02-15 00:00:00-05:00,AMD,56.64843143406001,40.0,23.0
2023-02-15 00:00:00-05:00,AMGN,47.272316737228884,87.0,0.0
2023-02-15 00:00:00-05:00,ANSS,57.18265149579388,36.0,0.0
2023-02-15 00:00:00-05:00,ASML,59.780512041625094,23.0,9.0
2023-02-15 00:00:00-05:00,ATVI,53.31206657373033,59.0,-7.0
2023-02-15 00:00:00-05:00,AVGO,57.9855060928488,33.0,8.0
2023-02-15 00:00:00-05:00,AZN,59.05883460265599,27.0,8.0
2023-02-15 00:00:00-05:00,BIIB,53.68344751848995,55.0,25.0
2023-02-15 00:00:00-05:00,BKNG,62.54391601669195,14.0,-25.0
2023-02-15 00:00:00-05:00,BKR,53.67682244660802,56.0,19.0
2023-02-15 00:00:00-05:00,CDNS,65.78563266301181,8.0,-1.0
2023-02-15 00:00:00-05:00,CEG,53.20726997991124,60.0,26.0
2023-02-15 00:00:00-05:00,CHTR,53.13250106511303,62.0,8.0
2023-02-15 00:00:00-05:00,CMCSA,52.76837955997078,65.0,4.0
2023-02-15 00:00:00-05:00,COST,53.562768103593264,57.0,-7.0
2023-02-15 00:00:00-05:00,CPRT,58.06644201437548,32.0,-1.0
2023-02-15 00:00:00-05:00,CRWD,52.174731697037025,69.0,-20.0
2023-02-15 00:00:00-05:00,CSCO,52.29480364957734,67.0,-2.0
2023-02-15 00:00:00-05:00,CSGP,54.59589375307292,48.0,-15.0
2023-02-15 00:00:00-05:00,CSX,50.18068954788368,76.0,5.0
2023-02-15 00:00:00-05:00,CTAS,53.75322926805094,52.0,4.0
2023-02-15 00:00:00-05:00,CTSH,51.27178047681173,71.0,13.0
2023-02-15 00:00:00-05:00,DDOG,57.21558394467015,35.0,-16.0
2023-02-15 00:00:00-05:00,DLTR,48.41714024674311,81.0,-7.0
2023-02-15 00:00:00-05:00,DXCM,63.000108843690775,11.0,4.0
2023-02-15 00:00:00-05:00,EA,45.37414101932655,93.0,-1.0
2023-02-15 00:00:00-05:00,EBAY,54.5879137255371,49.0,-10.0
2023-02-15 00:00:00-05:00,ENPH,41.02594124494822,96.0,3.0
2023-02-15 00:00:00-05:00,EXC,52.851791223726465,64.0,-6.0
2023-02-15 00:00:00-05:00,FANG,53.96598382352217,51.0,25.0
2023-02-15 00:00:00-05:00,FAST,54.64897729591856,47.0,6.0
2023-02-15 00:00:00-05:00,FISV,61.59454793761022,16.0,-2.0
2023-02-15 00:00:00-05:00,FTNT,67.38701648045551,5.0,0.0
2023-02-15 00:00:00-05:00,GFS,67.02689683605277,6.0,4.0
2023-02-15 00:00:00-05:00,GILD,54.682417635450165,46.0,25.0
2023-02-15 00:00:00-05:00,GOOG,46.257070147525056,90.0,-2.0
2023-02-15 00:00:00-05:00,GOOGL,46.80524237216135,89.0,-2.0
2023-02-15 00:00:00-05:00,HON,49.88721880134268,79.0,7.0
2023-02-15 00:00:00-05:00,IDXX,64.34066197667156,9.0,-2.0
2023-02-15 00:00:00-05:00,ILMN,50.73150377614082,74.0,1.0
2023-02-15 00:00:00-05:00,INTC,48.01220706521621,82.0,-4.0
2023-02-15 00:00:00-05:00,INTU,52.247628712654716,68.0,-15.0
2023-02-15 00:00:00-05:00,ISRG,45.76017595723121,92.0,8.0
2023-02-15 00:00:00-05:00,JD,40.32959246825594,97.0,0.0
2023-02-15 00:00:00-05:00,KDP,50.09711452491313,78.0,0.0
2023-02-15 00:00:00-05:00,KHC,51.25757746210017,72.0,5.0
2023-02-15 00:00:00-05:00,KLAC,56.16340407068619,41.0,-1.0
2023-02-15 00:00:00-05:00,LCID,43.34239011942743,94.0,-2.0
2023-02-15 00:00:00-05:00,LRCX,57.37426942269696,34.0,-16.0
2023-02-15 00:00:00-05:00,LULU,55.108927085995525,45.0,-1.0
2023-02-15 00:00:00-05:00,MAR,59.94144253314682,21.0,-8.0
2023-02-15 00:00:00-05:00,MCHP,64.26477813998218,10.0,-2.0
2023-02-15 00:00:00-05:00,MDLZ,50.748247110435834,73.0,18.0
2023-02-15 00:00:00-05:00,MELI,59.30455135338378,25.0,-37.0
2023-02-15 00:00:00-05:00,META,66.81632448842711,7.0,3.0
2023-02-15 00:00:00-05:00,MNST,56.83798171929064,39.0,-1.0
2023-02-15 00:00:00-05:00,MRNA,55.76968938185415,42.0,-7.0
2023-02-15 00:00:00-05:00,MRVL,54.20616159140518,50.0,15.0
2023-02-15 00:00:00-05:00,MSFT,59.079887798642204,26.0,11.0
2023-02-15 00:00:00-05:00,MU,53.7313927420893,53.0,-4.0
2023-02-15 00:00:00-05:00,NFLX,62.73325116041271,13.0,-11.0
2023-02-15 00:00:00-05:00,NVDA,69.18997840127402,3.0,0.0
2023-02-15 00:00:00-05:00,NXPI,58.77384943959822,29.0,-15.0
2023-02-15 00:00:00-05:00,ODFL,59.965406618817,20.0,12.0
2023-02-15 00:00:00-05:00,ORLY,61.7763001956779,15.0,5.0
2023-02-15 00:00:00-05:00,PANW,62.79118922901277,12.0,-26.0
2023-02-15 00:00:00-05:00,PAYX,47.90728363980452,83.0,4.0
2023-02-15 00:00:00-05:00,PCAR,59.83080284523529,22.0,-5.0
2023-02-15 00:00:00-05:00,PDD,61.143189665182305,18.0,12.0
2023-02-15 00:00:00-05:00,PEP,51.400001237570244,70.0,25.0
2023-02-15 00:00:00-05:00,PYPL,41.95690224070938,95.0,5.0
2023-02-15 00:00:00-05:00,QCOM,52.90789077964213,63.0,-2.0
2023-02-15 00:00:00-05:00,REGN,50.176618468563355,77.0,34.0
2023-02-15 00:00:00-05:00,RIVN,45.97268279630852,91.0,-4.0
2023-02-15 00:00:00-05:00,ROST,57.02861297694237,38.0,7.0
2023-02-15 00:00:00-05:00,SBUX,58.339947476255645,30.0,8.0
2023-02-15 00:00:00-05:00,SGEN,55.1403933777952,44.0,-9.0
2023-02-15 00:00:00-05:00,SIRI,31.938752186859105,98.0,0.0
2023-02-15 00:00:00-05:00,SNPS,61.44219995540456,17.0,-15.0
2023-02-15 00:00:00-05:00,TEAM,59.68280357935735,24.0,4.0
2023-02-15 00:00:00-05:00,TMUS,53.69227424730854,54.0,2.0
2023-02-15 00:00:00-05:00,TXN,52.43342453935024,66.0,10.0
2023-02-15 00:00:00-05:00,VRSK,47.382848208430595,85.0,5.0
2023-02-15 00:00:00-05:00,VRTX,50.488811688892056,75.0,-1.0
2023-02-15 00:00:00-05:00,WBA,48.66999891309884,80.0,-1.0
2023-02-15 00:00:00-05:00,WBD,55.48634504166541,43.0,-17.0
2023-02-15 00:00:00-05:00,WDAY,58.95390075425675,28.0,-19.0
2023-02-15 00:00:00-05:00,XEL,47.09700649809717,88.0,11.0
2023-02-15 00:00:00-05:00,ZM,53.368209482451604,58.0,-27.0
2023-02-15 00:00:00-05:00,ZS,57.16353355834661,37.0,-37.0
2023-02-16 00:00:00-05:00,ABNB,72.8113570977893,1.0,-1.0
2023-02-16 00:00:00-05:00,ADBE,48.177987520518094,69.0,8.0
2023-02-16 00:00:00-05:00,ADI,65.34208499993261,3.0,-1.0
2023-02-16 00:00:00-05:00,ADP,49.083540918935164,64.0,-20.0
2023-02-16 00:00:00-05:00,ADSK,55.594054136370005,27.0,8.0
2023-02-16 00:00:00-05:00,AEP,46.957000751832965,78.0,-8.0
2023-02-16 00:00:00-05:00,ALGN,58.16486027833132,18.0,17.0
2023-02-16 00:00:00-05:00,AMAT,52.833562697119135,43.0,12.0
2023-02-16 00:00:00-05:00,AMD,48.75397812810515,66.0,26.0
2023-02-16 00:00:00-05:00,AMGN,42.19220491636901,94.0,7.0
2023-02-16 00:00:00-05:00,ANSS,54.01721429168196,36.0,0.0
2023-02-16 00:00:00-05:00,ASML,55.28851518844993,30.0,7.0
2023-02-16 00:00:00-05:00,ATVI,52.43243070119507,46.0,-13.0
2023-02-16 00:00:00-05:00,AVGO,56.35761412760103,24.0,-9.0
2023-02-16 00:00:00-05:00,AZN,54.55450939015245,33.0,6.0
2023-02-16 00:00:00-05:00,BIIB,46.53499013294461,80.0,25.0
2023-02-16 00:00:00-05:00,BKNG,61.15101540246732,10.0,-4.0
2023-02-16 00:00:00-05:00,BKR,54.712067678458816,32.0,-24.0
2023-02-16 00:00:00-05:00,CDNS,61.12620671330188,11.0,3.0
2023-02-16 00:00:00-05:00,CEG,53.20402988079579,38.0,-22.0
2023-02-16 00:00:00-05:00,CHTR,50.77740392929914,55.0,-7.0
2023-02-16 00:00:00-05:00,CMCSA,51.73485403715733,49.0,-16.0
2023-02-16 00:00:00-05:00,COST,51.46203630240833,51.0,-6.0
2023-02-16 00:00:00-05:00,CPRT,55.90344010015498,25.0,-7.0
2023-02-16 00:00:00-05:00,CRWD,45.67100274814246,84.0,15.0
2023-02-16 00:00:00-05:00,CSCO,57.059285210137304,19.0,-48.0
2023-02-16 00:00:00-05:00,CSGP,54.19208377381363,35.0,-13.0
2023-02-16 00:00:00-05:00,CSX,47.14276836310365,75.0,-1.0
2023-02-16 00:00:00-05:00,CTAS,48.98511926217666,65.0,13.0
2023-02-16 00:00:00-05:00,CTSH,47.666584151792115,71.0,0.0
2023-02-16 00:00:00-05:00,DDOG,47.92574452760354,70.0,35.0
2023-02-16 00:00:00-05:00,DLTR,46.912371212582336,79.0,-2.0
2023-02-16 00:00:00-05:00,DXCM,61.39882311862921,8.0,-3.0
2023-02-16 00:00:00-05:00,EA,43.87228907395433,89.0,-4.0
2023-02-16 00:00:00-05:00,EBAY,51.321907903043545,52.0,3.0
2023-02-16 00:00:00-05:00,ENPH,39.886366285923096,96.0,0.0
2023-02-16 00:00:00-05:00,EXC,52.84276020915946,42.0,-22.0
2023-02-16 00:00:00-05:00,FANG,49.9947404460278,58.0,7.0
2023-02-16 00:00:00-05:00,FAST,50.98478109036466,53.0,6.0
2023-02-16 00:00:00-05:00,FISV,61.06541686982211,12.0,-4.0
2023-02-16 00:00:00-05:00,FTNT,65.16313945802855,4.0,-1.0
2023-02-16 00:00:00-05:00,GFS,64.99313236780817,5.0,-1.0
2023-02-16 00:00:00-05:00,GILD,52.914282489094646,41.0,-5.0
2023-02-16 00:00:00-05:00,GOOG,43.87124741269654,90.0,0.0
2023-02-16 00:00:00-05:00,GOOGL,44.30913810672248,86.0,-3.0
2023-02-16 00:00:00-05:00,HON,45.81910903484521,82.0,3.0
2023-02-16 00:00:00-05:00,IDXX,60.41187638532596,14.0,5.0
2023-02-16 00:00:00-05:00,ILMN,43.32672174945902,92.0,18.0
2023-02-16 00:00:00-05:00,INTC,43.480475129236645,91.0,9.0
2023-02-16 00:00:00-05:00,INTU,47.6594898792588,72.0,4.0
2023-02-16 00:00:00-05:00,ISRG,44.53881600529028,85.0,-7.0
2023-02-16 00:00:00-05:00,JD,44.090481942187694,87.0,-10.0
2023-02-16 00:00:00-05:00,KDP,50.805841255699,54.0,-24.0
2023-02-16 00:00:00-05:00,KHC,50.297525886640514,57.0,-15.0
2023-02-16 00:00:00-05:00,KLAC,52.64955299695285,44.0,3.0
2023-02-16 00:00:00-05:00,LCID,40.28571703665345,95.0,1.0
2023-02-16 00:00:00-05:00,LRCX,52.6355469953562,45.0,11.0
2023-02-16 00:00:00-05:00,LULU,53.00508201451294,39.0,-6.0
2023-02-16 00:00:00-05:00,MAR,56.63139064105572,22.0,1.0
2023-02-16 00:00:00-05:00,MCHP,59.88074221914646,15.0,5.0
2023-02-16 00:00:00-05:00,MDLZ,49.83141551107787,60.0,-13.0
2023-02-16 00:00:00-05:00,MELI,55.10880048638724,31.0,6.0
2023-02-16 00:00:00-05:00,META,49.09888897955353,63.0,56.0
2023-02-16 00:00:00-05:00,MNST,55.44032084841881,28.0,-11.0
2023-02-16 00:00:00-05:00,MRNA,52.399920589357045,47.0,5.0
2023-02-16 00:00:00-05:00,MRVL,48.42591904462572,67.0,17.0
2023-02-16 00:00:00-05:00,MSFT,49.41786645970373,62.0,36.0
2023-02-16 00:00:00-05:00,MU,50.36673565939703,56.0,3.0
2023-02-16 00:00:00-05:00,NFLX,58.69944464594452,16.0,3.0
2023-02-16 00:00:00-05:00,NVDA,63.45229258420469,6.0,3.0
2023-02-16 00:00:00-05:00,NXPI,57.00980739825469,21.0,-8.0
2023-02-16 00:00:00-05:00,ODFL,57.02416280392065,20.0,0.0
2023-02-16 00:00:00-05:00,ORLY,61.919415473087696,7.0,-8.0
2023-02-16 00:00:00-05:00,PANW,58.451545009358924,17.0,5.0
2023-02-16 00:00:00-05:00,PAYX,46.36421986996902,81.0,-2.0
2023-02-16 00:00:00-05:00,PCAR,61.29969684807065,9.0,-13.0
2023-02-16 00:00:00-05:00,PDD,60.9719599404489,13.0,-5.0
2023-02-16 00:00:00-05:00,PEP,49.90534533122131,59.0,-11.0
2023-02-16 00:00:00-05:00,PYPL,39.79518563098568,97.0,2.0
2023-02-16 00:00:00-05:00,QCOM,51.46915176803005,50.0,-13.0
2023-02-16 00:00:00-05:00,REGN,48.267809416931854,68.0,-9.0
2023-02-16 00:00:00-05:00,RIVN,43.25340102126698,93.0,2.0
2023-02-16 00:00:00-05:00,ROST,54.286507538742356,34.0,-4.0
2023-02-16 00:00:00-05:00,SBUX,56.45293931900199,23.0,-7.0
2023-02-16 00:00:00-05:00,SGEN,67.87287550367242,2.0,-42.0
2023-02-16 00:00:00-05:00,SIRI,34.50384929887077,98.0,0.0
2023-02-16 00:00:00-05:00,SNPS,55.31054698061988,29.0,12.0
2023-02-16 00:00:00-05:00,TEAM,49.53541693617726,61.0,37.0
2023-02-16 00:00:00-05:00,TMUS,52.96889016907925,40.0,-14.0
2023-02-16 00:00:00-05:00,TXN,51.89184647937731,48.0,-18.0
2023-02-16 00:00:00-05:00,VRSK,43.92850320471898,88.0,3.0
2023-02-16 00:00:00-05:00,VRTX,47.43880981615052,73.0,-2.0
2023-02-16 00:00:00-05:00,WBA,47.111239063290405,76.0,-4.0
2023-02-16 00:00:00-05:00,WBD,53.357847603420424,37.0,-6.0
2023-02-16 00:00:00-05:00,WDAY,55.694300807656205,26.0,-2.0
2023-02-16 00:00:00-05:00,XEL,45.77714865539146,83.0,-5.0
2023-02-16 00:00:00-05:00,ZM,47.366259154498486,74.0,16.0
2023-02-16 00:00:00-05:00,ZS,46.965755351129914,77.0,40.0
2023-02-17 00:00:00-05:00,ABNB,65.89846702432429,2.0,1.0
2023-02-17 00:00:00-05:00,ADBE,43.49275845980172,89.0,20.0
2023-02-17 00:00:00-05:00,ADI,64.62414146023744,3.0,0.0
2023-02-17 00:00:00-05:00,ADP,52.445757078175696,37.0,-27.0
2023-02-17 00:00:00-05:00,ADSK,50.40278897728,48.0,21.0
2023-02-17 00:00:00-05:00,AEP,50.614620618089006,45.0,-33.0
2023-02-17 00:00:00-05:00,ALGN,51.931005310899586,38.0,20.0
2023-02-17 00:00:00-05:00,AMAT,49.30758767702862,58.0,15.0
2023-02-17 00:00:00-05:00,AMD,42.94127502981432,92.0,26.0
2023-02-17 00:00:00-05:00,AMGN,44.77142990050664,77.0,-17.0
2023-02-17 00:00:00-05:00,ANSS,50.46671142135728,47.0,11.0
2023-02-17 00:00:00-05:00,ASML,50.58542971306268,46.0,16.0
2023-02-17 00:00:00-05:00,ATVI,53.080157493032615,29.0,-17.0
2023-02-17 00:00:00-05:00,AVGO,51.3943918839649,42.0,18.0
2023-02-17 00:00:00-05:00,AZN,54.046254124228724,24.0,-9.0
2023-02-17 00:00:00-05:00,BIIB,49.753414183847276,52.0,-28.0
2023-02-17 00:00:00-05:00,BKNG,59.590140587659384,9.0,-1.0
2023-02-17 00:00:00-05:00,BKR,49.47871427615532,56.0,24.0
2023-02-17 00:00:00-05:00,CDNS,56.737965528594344,15.0,4.0
2023-02-17 00:00:00-05:00,CEG,52.92321800007696,33.0,-5.0
2023-02-17 00:00:00-05:00,CHTR,48.235544619200276,63.0,8.0
2023-02-17 00:00:00-05:00,CMCSA,51.64620063320106,40.0,-9.0
2023-02-17 00:00:00-05:00,COST,51.61471555097469,41.0,-10.0
2023-02-17 00:00:00-05:00,CPRT,54.15762907485208,23.0,-2.0
2023-02-17 00:00:00-05:00,CRWD,41.300121523138976,94.0,10.0
2023-02-17 00:00:00-05:00,CSCO,58.82461645189972,11.0,-8.0
2023-02-17 00:00:00-05:00,CSGP,54.665617758294005,21.0,-14.0
2023-02-17 00:00:00-05:00,CSX,47.54031033192159,68.0,-7.0
2023-02-17 00:00:00-05:00,CTAS,50.156024864376185,49.0,-16.0
2023-02-17 00:00:00-05:00,CTSH,47.7567420369521,67.0,-4.0
2023-02-17 00:00:00-05:00,DDOG,44.13606993328635,84.0,14.0
2023-02-17 00:00:00-05:00,DLTR,48.7699172671747,60.0,-19.0
2023-02-17 00:00:00-05:00,DXCM,54.82412891915698,20.0,12.0
2023-02-17 00:00:00-05:00,EA,44.05553099733439,85.0,-4.0
2023-02-17 00:00:00-05:00,EBAY,50.13688823272859,50.0,-2.0
2023-02-17 00:00:00-05:00,ENPH,36.79386497353391,97.0,1.0
2023-02-17 00:00:00-05:00,EXC,53.947092257811974,25.0,-17.0
2023-02-17 00:00:00-05:00,FANG,44.7545386316222,78.0,20.0
2023-02-17 00:00:00-05:00,FAST,52.937888896607035,32.0,-21.0
2023-02-17 00:00:00-05:00,FISV,59.207013963863,10.0,-2.0
2023-02-17 00:00:00-05:00,FTNT,61.443222049316674,7.0,3.0
2023-02-17 00:00:00-05:00,GFS,57.20315402118227,12.0,7.0
2023-02-17 00:00:00-05:00,GILD,52.96967172785839,31.0,-10.0
2023-02-17 00:00:00-05:00,GOOG,43.33029192634828,91.0,1.0
2023-02-17 00:00:00-05:00,GOOGL,43.50907556577101,88.0,2.0
2023-02-17 00:00:00-05:00,HON,47.9652046461174,66.0,-16.0
2023-02-17 00:00:00-05:00,IDXX,60.151567899188514,8.0,-6.0
2023-02-17 00:00:00-05:00,ILMN,46.47745958648515,72.0,-20.0
2023-02-17 00:00:00-05:00,INTC,40.481723610710574,95.0,4.0
2023-02-17 00:00:00-05:00,INTU,44.45054388588521,82.0,10.0
2023-02-17 00:00:00-05:00,ISRG,44.37864565206216,83.0,-2.0
2023-02-17 00:00:00-05:00,JD,45.19936681389449,74.0,-13.0
2023-02-17 00:00:00-05:00,KDP,50.66241874648353,44.0,-10.0
2023-02-17 00:00:00-05:00,KHC,51.68260013734178,39.0,-18.0
2023-02-17 00:00:00-05:00,KLAC,47.04131733539727,71.0,27.0
2023-02-17 00:00:00-05:00,LCID,43.47099257831012,90.0,-5.0
2023-02-17 00:00:00-05:00,LRCX,47.38408428847992,70.0,25.0
2023-02-17 00:00:00-05:00,LULU,52.59352331714267,35.0,-4.0
2023-02-17 00:00:00-05:00,MAR,50.011232022888514,51.0,29.0
2023-02-17 00:00:00-05:00,MCHP,55.811617945828075,18.0,3.0
2023-02-17 00:00:00-05:00,MDLZ,53.039354731663195,30.0,-30.0
2023-02-17 00:00:00-05:00,MELI,49.661989893622014,54.0,23.0
2023-02-17 00:00:00-05:00,META,49.702427516334694,53.0,-10.0
2023-02-17 00:00:00-05:00,MNST,54.51865739053165,22.0,-6.0
2023-02-17 00:00:00-05:00,MRNA,44.96416585772183,76.0,29.0
2023-02-17 00:00:00-05:00,MRVL,43.89021714456084,86.0,19.0
2023-02-17 00:00:00-05:00,MSFT,48.41624545942941,62.0,0.0
2023-02-17 00:00:00-05:00,MU,44.525518773267436,79.0,23.0
2023-02-17 00:00:00-05:00,NFLX,52.86095336112818,34.0,18.0
2023-02-17 00:00:00-05:00,NVDA,56.53463442209154,16.0,10.0
2023-02-17 00:00:00-05:00,NXPI,55.9621249122711,17.0,-4.0
2023-02-17 00:00:00-05:00,ODFL,53.53440188291151,26.0,6.0
2023-02-17 00:00:00-05:00,ORLY,61.9730421181181,5.0,-2.0
2023-02-17 00:00:00-05:00,PANW,56.75409109977769,14.0,-3.0
2023-02-17 00:00:00-05:00,PAYX,48.42806027784072,61.0,-20.0
2023-02-17 00:00:00-05:00,PCAR,62.60414208124024,4.0,-5.0
2023-02-17 00:00:00-05:00,PDD,61.80504742153474,6.0,-7.0
2023-02-17 00:00:00-05:00,PEP,52.452151709537056,36.0,-23.0
2023-02-17 00:00:00-05:00,PYPL,39.42842882637881,96.0,-1.0
2023-02-17 00:00:00-05:00,QCOM,45.03686929196004,75.0,25.0
2023-02-17 00:00:00-05:00,REGN,48.17953824519761,64.0,-4.0
2023-02-17 00:00:00-05:00,RIVN,42.10404210786812,93.0,0.0
2023-02-17 00:00:00-05:00,ROST,53.21870914964266,27.0,-7.0
2023-02-17 00:00:00-05:00,SBUX,56.794546972188414,13.0,-10.0
2023-02-17 00:00:00-05:00,SGEN,69.31170218745045,1.0,-1.0
2023-02-17 00:00:00-05:00,SIRI,34.93158726935967,98.0,0.0
2023-02-17 00:00:00-05:00,SNPS,49.60429427654987,55.0,26.0
2023-02-17 00:00:00-05:00,TEAM,44.514429012234466,80.0,19.0
2023-02-17 00:00:00-05:00,TMUS,53.21640484455735,28.0,-12.0
2023-02-17 00:00:00-05:00,TXN,49.427977212607686,57.0,9.0
2023-02-17 00:00:00-05:00,VRSK,47.420398659429466,69.0,-19.0
2023-02-17 00:00:00-05:00,VRTX,46.091160810976824,73.0,0.0
2023-02-17 00:00:00-05:00,WBA,49.27855724290594,59.0,-17.0
2023-02-17 00:00:00-05:00,WBD,55.47633723199461,19.0,-18.0
2023-02-17 00:00:00-05:00,WDAY,51.00078738275685,43.0,17.0
2023-02-17 00:00:00-05:00,XEL,48.16743867739833,65.0,-18.0
2023-02-17 00:00:00-05:00,ZM,44.4705898206156,81.0,7.0
2023-02-17 00:00:00-05:00,ZS,43.56203787838491,87.0,10.0
2023-02-21 00:00:00-05:00,ABNB,58.508156224320125,4.0,2.0
2023-02-21 00:00:00-05:00,ADBE,41.26582931249744,86.0,-3.0
2023-02-21 00:00:00-05:00,ADI,55.74540537737686,8.0,5.0
2023-02-21 00:00:00-05:00,ADP,49.32531035633619,41.0,4.0
2023-02-21 00:00:00-05:00,ADSK,49.32688208078147,40.0,-8.0
2023-02-21 00:00:00-05:00,AEP,50.13729608153258,30.0,-15.0
2023-02-21 00:00:00-05:00,ALGN,47.83009136435326,52.0,14.0
2023-02-21 00:00:00-05:00,AMAT,46.48672387303427,64.0,6.0
2023-02-21 00:00:00-05:00,AMD,42.08226961906763,81.0,-11.0
2023-02-21 00:00:00-05:00,AMGN,47.20223964672798,56.0,-21.0
2023-02-21 00:00:00-05:00,ANSS,47.67688985281088,53.0,6.0
2023-02-21 00:00:00-05:00,ASML,48.09416572782071,50.0,4.0
2023-02-21 00:00:00-05:00,ATVI,53.52631824230443,16.0,-13.0
2023-02-21 00:00:00-05:00,AVGO,48.127017479405865,49.0,7.0
2023-02-21 00:00:00-05:00,AZN,56.034916361316164,7.0,-17.0
2023-02-21 00:00:00-05:00,BIIB,48.76060212858005,46.0,-6.0
2023-02-21 00:00:00-05:00,BKNG,52.56273650537223,18.0,9.0
2023-02-21 00:00:00-05:00,BKR,46.045353184473676,66.0,10.0
2023-02-21 00:00:00-05:00,CDNS,55.57729541200147,11.0,-4.0
2023-02-21 00:00:00-05:00,CEG,46.51337618888577,63.0,30.0
2023-02-21 00:00:00-05:00,CHTR,40.93434454767252,88.0,25.0
2023-02-21 00:00:00-05:00,CMCSA,47.52136097923388,54.0,14.0
2023-02-21 00:00:00-05:00,COST,46.56647015170838,61.0,20.0
2023-02-21 00:00:00-05:00,CPRT,54.35168770218257,13.0,-10.0
2023-02-21 00:00:00-05:00,CRWD,41.271866332699496,85.0,-9.0
2023-02-21 00:00:00-05:00,CSCO,57.37415889812082,6.0,-5.0
2023-02-21 00:00:00-05:00,CSGP,49.61630397968923,37.0,16.0
2023-02-21 00:00:00-05:00,CSX,45.7314095290351,67.0,-1.0
2023-02-21 00:00:00-05:00,CTAS,49.87801012736093,34.0,-15.0
2023-02-21 00:00:00-05:00,CTSH,46.68859805192254,60.0,-7.0
2023-02-21 00:00:00-05:00,DDOG,43.931180812792626,74.0,-10.0
2023-02-21 00:00:00-05:00,DLTR,46.10442966185345,65.0,5.0
2023-02-21 00:00:00-05:00,DXCM,54.809582855922116,12.0,-8.0
2023-02-21 00:00:00-05:00,EA,43.739582780642216,75.0,-10.0
2023-02-21 00:00:00-05:00,EBAY,48.39662114611429,48.0,-2.0
2023-02-21 00:00:00-05:00,ENPH,35.52549705362655,94.0,-3.0
2023-02-21 00:00:00-05:00,EXC,51.522270926332695,23.0,-2.0
2023-02-21 00:00:00-05:00,FANG,44.86880867982983,70.0,-8.0
2023-02-21 00:00:00-05:00,FAST,49.83731505567635,36.0,4.0
2023-02-21 00:00:00-05:00,FISV,55.579810008426215,10.0,0.0
2023-02-21 00:00:00-05:00,FTNT,58.88078032863177,3.0,-4.0
2023-02-21 00:00:00-05:00,GFS,51.986385345990755,21.0,9.0
2023-02-21 00:00:00-05:00,GILD,53.92223184835819,14.0,-17.0
2023-02-21 00:00:00-05:00,GOOG,37.50783055094736,92.0,1.0
2023-02-21 00:00:00-05:00,GOOGL,37.73915100629538,91.0,3.0
2023-02-21 00:00:00-05:00,HON,46.975829561628785,59.0,-7.0
2023-02-21 00:00:00-05:00,IDXX,50.83077255978111,26.0,18.0
2023-02-21 00:00:00-05:00,ILMN,42.3908949307127,79.0,7.0
2023-02-21 00:00:00-05:00,INTC,36.406692819134804,93.0,-2.0
2023-02-21 00:00:00-05:00,INTU,43.4484102809921,77.0,-5.0
2023-02-21 00:00:00-05:00,ISRG,41.8025736061426,83.0,0.0
2023-02-21 00:00:00-05:00,JD,35.41036839282512,95.0,21.0
2023-02-21 00:00:00-05:00,KDP,49.49287106112557,38.0,-6.0
2023-02-21 00:00:00-05:00,KHC,50.63446653353818,28.0,-11.0
2023-02-21 00:00:00-05:00,KLAC,44.90092735216779,69.0,-2.0
2023-02-21 00:00:00-05:00,LCID,33.823318399825865,98.0,8.0
2023-02-21 00:00:00-05:00,LRCX,44.57748391835811,73.0,3.0
2023-02-21 00:00:00-05:00,LULU,47.172141930726106,58.0,23.0
2023-02-21 00:00:00-05:00,MAR,49.388788945538735,39.0,-12.0
2023-02-21 00:00:00-05:00,MCHP,50.71034648468749,27.0,9.0
2023-02-21 00:00:00-05:00,MDLZ,53.78224738264183,15.0,-15.0
2023-02-21 00:00:00-05:00,MELI,49.85680236534239,35.0,-19.0
2023-02-21 00:00:00-05:00,META,49.212002552795354,42.0,-11.0
2023-02-21 00:00:00-05:00,MNST,51.10572182163892,24.0,2.0
2023-02-21 00:00:00-05:00,MRNA,42.082432915113905,80.0,4.0
2023-02-21 00:00:00-05:00,MRVL,41.489813253594015,84.0,-2.0
2023-02-21 00:00:00-05:00,MSFT,46.549878380898264,62.0,0.0
2023-02-21 00:00:00-05:00,MU,43.633867991966305,76.0,-3.0
2023-02-21 00:00:00-05:00,NFLX,50.125233507789154,31.0,-3.0
2023-02-21 00:00:00-05:00,NVDA,52.80995570582032,17.0,1.0
2023-02-21 00:00:00-05:00,NXPI,48.42882368872803,47.0,30.0
2023-02-21 00:00:00-05:00,ODFL,49.9023409053334,33.0,7.0
2023-02-21 00:00:00-05:00,ORLY,61.11676976967566,2.0,-3.0
2023-02-21 00:00:00-05:00,PANW,51.9782875062849,22.0,8.0
2023-02-21 00:00:00-05:00,PAYX,44.83070732615145,71.0,10.0
2023-02-21 00:00:00-05:00,PCAR,58.299814431730475,5.0,1.0
2023-02-21 00:00:00-05:00,PDD,49.9541596708121,32.0,26.0
2023-02-21 00:00:00-05:00,PEP,52.32274741921643,19.0,-17.0
2023-02-21 00:00:00-05:00,PYPL,39.26280370775325,89.0,-7.0
2023-02-21 00:00:00-05:00,QCOM,42.494766820986975,78.0,3.0
2023-02-21 00:00:00-05:00,REGN,47.962061749212005,51.0,-13.0
2023-02-21 00:00:00-05:00,RIVN,34.05026715425119,97.0,4.0
2023-02-21 00:00:00-05:00,ROST,50.940551727790584,25.0,-2.0
2023-02-21 00:00:00-05:00,SBUX,52.14111322054108,20.0,7.0
2023-02-21 00:00:00-05:00,SGEN,65.49037157165702,1.0,0.0
2023-02-21 00:00:00-05:00,SIRI,34.10277105952333,96.0,-2.0
2023-02-21 00:00:00-05:00,SNPS,49.135695612904975,43.0,-12.0
2023-02-21 00:00:00-05:00,TEAM,41.878278890664866,82.0,2.0
2023-02-21 00:00:00-05:00,TMUS,55.65106358836734,9.0,-19.0
2023-02-21 00:00:00-05:00,TXN,44.707062606151794,72.0,15.0
2023-02-21 00:00:00-05:00,VRSK,47.181883499510604,57.0,-12.0
2023-02-21 00:00:00-05:00,VRTX,45.14998735240547,68.0,-5.0
2023-02-21 00:00:00-05:00,WBA,48.827492753731484,45.0,-14.0
2023-02-21 00:00:00-05:00,WBD,50.22673530891282,29.0,10.0
2023-02-21 00:00:00-05:00,WDAY,49.008858938160124,44.0,1.0
2023-02-21 00:00:00-05:00,XEL,47.430723772950806,55.0,-10.0
2023-02-21 00:00:00-05:00,ZM,39.08051189010266,90.0,9.0
2023-02-21 00:00:00-05:00,ZS,41.07043102038067,87.0,0.0
2023-02-22 00:00:00-05:00,ABNB,56.50339881175667,5.0,1.0
2023-02-22 00:00:00-05:00,ADBE,40.920506795047565,84.0,-2.0
2023-02-22 00:00:00-05:00,ADI,53.44401525195045,15.0,7.0
2023-02-22 00:00:00-05:00,ADP,44.58890913385518,65.0,24.0
2023-02-22 00:00:00-05:00,ADSK,48.76965083410863,37.0,-3.0
2023-02-22 00:00:00-05:00,AEP,48.50612981814809,40.0,10.0
2023-02-22 00:00:00-05:00,ALGN,47.00728028392321,49.0,-3.0
2023-02-22 00:00:00-05:00,AMAT,44.94505291750671,62.0,-2.0
2023-02-22 00:00:00-05:00,AMD,40.83235549371381,86.0,5.0
2023-02-22 00:00:00-05:00,AMGN,48.23810574969333,44.0,-12.0
2023-02-22 00:00:00-05:00,ANSS,47.28026308223295,48.0,-5.0
2023-02-22 00:00:00-05:00,ASML,46.145025719850146,54.0,4.0
2023-02-22 00:00:00-05:00,ATVI,50.641165818049856,25.0,9.0
2023-02-22 00:00:00-05:00,AVGO,46.22213977884018,53.0,4.0
2023-02-22 00:00:00-05:00,AZN,57.12933770949488,4.0,-3.0
2023-02-22 00:00:00-05:00,BIIB,49.81712091849937,32.0,-14.0
2023-02-22 00:00:00-05:00,BKNG,52.216670095150214,17.0,-1.0
2023-02-22 00:00:00-05:00,BKR,44.18197431001675,67.0,1.0
2023-02-22 00:00:00-05:00,CDNS,55.60375990552287,7.0,-4.0
2023-02-22 00:00:00-05:00,CEG,41.65437409227039,80.0,17.0
2023-02-22 00:00:00-05:00,CHTR,42.383492513004285,77.0,-11.0
2023-02-22 00:00:00-05:00,CMCSA,45.88465503119866,55.0,1.0
2023-02-22 00:00:00-05:00,COST,45.564685528322734,58.0,-3.0
2023-02-22 00:00:00-05:00,CPRT,56.0233888557056,6.0,-7.0
2023-02-22 00:00:00-05:00,CRWD,43.26483078533866,74.0,-11.0
2023-02-22 00:00:00-05:00,CSCO,51.74866696329563,18.0,12.0
2023-02-22 00:00:00-05:00,CSGP,42.5746137124922,75.0,38.0
2023-02-22 00:00:00-05:00,CSX,43.52518992717205,72.0,5.0
2023-02-22 00:00:00-05:00,CTAS,48.17905988806529,45.0,11.0
2023-02-22 00:00:00-05:00,CTSH,45.567039069543604,57.0,-3.0
2023-02-22 00:00:00-05:00,DDOG,43.667796780855205,69.0,-5.0
2023-02-22 00:00:00-05:00,DLTR,45.623323047139166,56.0,-9.0
2023-02-22 00:00:00-05:00,DXCM,51.34438593498466,20.0,8.0
2023-02-22 00:00:00-05:00,EA,44.75277033892599,63.0,-12.0
2023-02-22 00:00:00-05:00,EBAY,48.96942350337183,36.0,-12.0
2023-02-22 00:00:00-05:00,ENPH,36.45297628172891,90.0,-4.0
2023-02-22 00:00:00-05:00,EXC,49.852953185980574,31.0,8.0
2023-02-22 00:00:00-05:00,FANG,45.1118966390607,60.0,-10.0
2023-02-22 00:00:00-05:00,FAST,47.57306915281344,46.0,10.0
2023-02-22 00:00:00-05:00,FISV,51.08639567233406,22.0,12.0
2023-02-22 00:00:00-05:00,FTNT,57.940739694065066,3.0,0.0
2023-02-22 00:00:00-05:00,GFS,51.00309887721115,24.0,3.0
2023-02-22 00:00:00-05:00,GILD,54.49696755601235,9.0,-5.0
2023-02-22 00:00:00-05:00,GOOG,35.62313878452382,93.0,1.0
2023-02-22 00:00:00-05:00,GOOGL,35.89933587604868,92.0,1.0
2023-02-22 00:00:00-05:00,HON,43.84213106484179,68.0,9.0
2023-02-22 00:00:00-05:00,IDXX,48.44597921890607,43.0,17.0
2023-02-22 00:00:00-05:00,ILMN,40.51078981732603,89.0,10.0
2023-02-22 00:00:00-05:00,INTC,33.17195312342367,96.0,3.0
2023-02-22 00:00:00-05:00,INTU,44.607217858851996,64.0,-13.0
2023-02-22 00:00:00-05:00,ISRG,41.15959063877812,83.0,0.0
2023-02-22 00:00:00-05:00,JD,30.029404696498553,98.0,3.0
2023-02-22 00:00:00-05:00,KDP,49.9039786010229,30.0,-8.0
2023-02-22 00:00:00-05:00,KHC,50.53618209230953,26.0,-2.0
2023-02-22 00:00:00-05:00,KLAC,43.625984426066225,70.0,1.0
2023-02-22 00:00:00-05:00,LCID,35.064811707437435,94.0,-4.0
2023-02-22 00:00:00-05:00,LRCX,43.41027448351965,73.0,0.0
2023-02-22 00:00:00-05:00,LULU,46.84358750137337,50.0,-8.0
2023-02-22 00:00:00-05:00,MAR,48.51033322673629,39.0,0.0
2023-02-22 00:00:00-05:00,MCHP,48.48318689741376,41.0,14.0
2023-02-22 00:00:00-05:00,MDLZ,53.51905800038525,14.0,-1.0
2023-02-22 00:00:00-05:00,MELI,51.56332034624928,19.0,-16.0
2023-02-22 00:00:00-05:00,META,50.213866486743974,28.0,-14.0
2023-02-22 00:00:00-05:00,MNST,50.279380295201435,27.0,3.0
2023-02-22 00:00:00-05:00,MRNA,40.86858493347754,85.0,5.0
2023-02-22 00:00:00-05:00,MRVL,40.69752525652905,87.0,3.0
2023-02-22 00:00:00-05:00,MSFT,44.3105474740165,66.0,4.0
2023-02-22 00:00:00-05:00,MU,41.16970722267884,82.0,6.0
2023-02-22 00:00:00-05:00,NFLX,49.09919301012066,34.0,3.0
2023-02-22 00:00:00-05:00,NVDA,51.009689762078274,23.0,6.0
2023-02-22 00:00:00-05:00,NXPI,45.06584452402002,61.0,14.0
2023-02-22 00:00:00-05:00,ODFL,50.04990173418074,29.0,-4.0
2023-02-22 00:00:00-05:00,ORLY,54.171607004162624,10.0,8.0
2023-02-22 00:00:00-05:00,PANW,63.12642112521084,1.0,-21.0
2023-02-22 00:00:00-05:00,PAYX,41.74853184143389,79.0,8.0
2023-02-22 00:00:00-05:00,PCAR,54.85843182774337,8.0,3.0
2023-02-22 00:00:00-05:00,PDD,46.777962390372274,51.0,19.0
2023-02-22 00:00:00-05:00,PEP,52.8625677123813,16.0,-3.0
2023-02-22 00:00:00-05:00,PYPL,40.57683003496072,88.0,-1.0
2023-02-22 00:00:00-05:00,QCOM,41.57234462199057,81.0,3.0
2023-02-22 00:00:00-05:00,REGN,53.76239236968282,12.0,-39.0
2023-02-22 00:00:00-05:00,RIVN,34.09330566679323,95.0,-2.0
2023-02-22 00:00:00-05:00,ROST,49.71246759557977,33.0,8.0
2023-02-22 00:00:00-05:00,SBUX,51.10841183692002,21.0,1.0
2023-02-22 00:00:00-05:00,SGEN,62.65372710309901,2.0,1.0
2023-02-22 00:00:00-05:00,SIRI,32.66710310979661,97.0,1.0
2023-02-22 00:00:00-05:00,SNPS,49.06299202844294,35.0,-8.0
2023-02-22 00:00:00-05:00,TEAM,42.07888750776212,78.0,-4.0
2023-02-22 00:00:00-05:00,TMUS,53.64358230100191,13.0,4.0
2023-02-22 00:00:00-05:00,TXN,43.58748013192415,71.0,-1.0
2023-02-22 00:00:00-05:00,VRSK,45.31094974945874,59.0,2.0
2023-02-22 00:00:00-05:00,VRTX,48.73298565233083,38.0,-30.0
2023-02-22 00:00:00-05:00,WBA,47.5638061263859,47.0,2.0
2023-02-22 00:00:00-05:00,WBD,53.86992904747366,11.0,-18.0
2023-02-22 00:00:00-05:00,WDAY,48.44800619048706,42.0,-2.0
2023-02-22 00:00:00-05:00,XEL,46.40740351796784,52.0,-3.0
2023-02-22 00:00:00-05:00,ZM,36.399479693817696,91.0,1.0
2023-02-22 00:00:00-05:00,ZS,42.48633973623919,76.0,-11.0
2023-02-23 00:00:00-05:00,ABNB,56.32142599154561,10.0,5.0
2023-02-23 00:00:00-05:00,ADBE,41.086207003087836,88.0,4.0
2023-02-23 00:00:00-05:00,ADI,55.281512303650686,11.0,-4.0
2023-02-23 00:00:00-05:00,ADP,45.107319625962404,71.0,6.0
2023-02-23 00:00:00-05:00,ADSK,51.261761781744845,29.0,-8.0
2023-02-23 00:00:00-05:00,AEP,47.16412836452959,58.0,18.0
2023-02-23 00:00:00-05:00,ALGN,48.965814695497755,43.0,-6.0
2023-02-23 00:00:00-05:00,AMAT,48.76128600492285,45.0,-17.0
2023-02-23 00:00:00-05:00,AMD,46.18575007619356,65.0,-21.0
2023-02-23 00:00:00-05:00,AMGN,44.670142929151034,77.0,33.0
2023-02-23 00:00:00-05:00,ANSS,58.24757549833717,7.0,-41.0
2023-02-23 00:00:00-05:00,ASML,49.330855672812135,42.0,-12.0
2023-02-23 00:00:00-05:00,ATVI,52.37241657291519,21.0,-4.0
2023-02-23 00:00:00-05:00,AVGO,48.48364092082237,49.0,-4.0
2023-02-23 00:00:00-05:00,AZN,54.155593388141135,15.0,11.0
2023-02-23 00:00:00-05:00,BIIB,47.08446097881438,60.0,28.0
2023-02-23 00:00:00-05:00,BKNG,53.23994175569506,18.0,1.0
2023-02-23 00:00:00-05:00,BKR,47.66642029674161,54.0,-13.0
2023-02-23 00:00:00-05:00,CDNS,59.61782674682742,4.0,-3.0
2023-02-23 00:00:00-05:00,CEG,44.260947956596866,80.0,0.0
2023-02-23 00:00:00-05:00,CHTR,42.48302990952704,84.0,7.0
2023-02-23 00:00:00-05:00,CMCSA,47.099616621975656,59.0,4.0
2023-02-23 00:00:00-05:00,COST,45.76274986704016,67.0,9.0
2023-02-23 00:00:00-05:00,CPRT,57.45672290281681,8.0,2.0
2023-02-23 00:00:00-05:00,CRWD,48.18812948156965,52.0,-22.0
2023-02-23 00:00:00-05:00,CSCO,52.205920551684386,22.0,4.0
2023-02-23 00:00:00-05:00,CSGP,41.559933959539,86.0,11.0
2023-02-23 00:00:00-05:00,CSX,45.436458161739,69.0,-3.0
2023-02-23 00:00:00-05:00,CTAS,48.404368093758684,50.0,5.0
2023-02-23 00:00:00-05:00,CTSH,47.03203514906767,61.0,4.0
2023-02-23 00:00:00-05:00,DDOG,43.769964070223715,81.0,12.0
2023-02-23 00:00:00-05:00,DLTR,41.52791779068388,87.0,31.0
2023-02-23 00:00:00-05:00,DXCM,51.371453893676154,28.0,8.0
2023-02-23 00:00:00-05:00,EA,43.74802552581456,82.0,19.0
2023-02-23 00:00:00-05:00,EBAY,45.08993919836901,72.0,36.0
2023-02-23 00:00:00-05:00,ENPH,38.514319729532026,90.0,0.0
2023-02-23 00:00:00-05:00,EXC,49.39657170847152,41.0,10.0
2023-02-23 00:00:00-05:00,FANG,52.92447597883498,20.0,-40.0
2023-02-23 00:00:00-05:00,FAST,47.60604127365211,56.0,10.0
2023-02-23 00:00:00-05:00,FISV,53.93771504153018,16.0,-6.0
2023-02-23 00:00:00-05:00,FTNT,55.096356407121824,12.0,9.0
2023-02-23 00:00:00-05:00,GFS,53.056177267307255,19.0,-5.0
2023-02-23 00:00:00-05:00,GILD,50.32432747082608,38.0,29.0
2023-02-23 00:00:00-05:00,GOOG,38.060287951818836,92.0,-1.0
2023-02-23 00:00:00-05:00,GOOGL,38.41376438845774,91.0,-1.0
2023-02-23 00:00:00-05:00,HON,44.86575002957002,75.0,7.0
2023-02-23 00:00:00-05:00,IDXX,49.701289576443735,40.0,-3.0
2023-02-23 00:00:00-05:00,ILMN,44.44116619529889,78.0,-11.0
2023-02-23 00:00:00-05:00,INTC,35.13411956897746,94.0,-2.0
2023-02-23 00:00:00-05:00,INTU,51.52009817124036,26.0,-38.0
2023-02-23 00:00:00-05:00,ISRG,42.48236603114198,85.0,2.0
2023-02-23 00:00:00-05:00,JD,31.526299197273143,96.0,-2.0
2023-02-23 00:00:00-05:00,KDP,51.98984544791392,24.0,-6.0
2023-02-23 00:00:00-05:00,KHC,50.93014533123681,31.0,5.0
2023-02-23 00:00:00-05:00,KLAC,47.658182828955105,55.0,-15.0
2023-02-23 00:00:00-05:00,LCID,25.929363788051372,98.0,4.0
2023-02-23 00:00:00-05:00,LRCX,46.237624891164025,64.0,-9.0
2023-02-23 00:00:00-05:00,LULU,48.6803996674258,46.0,-4.0
2023-02-23 00:00:00-05:00,MAR,50.383987286492236,37.0,-2.0
2023-02-23 00:00:00-05:00,MCHP,51.06944742254057,30.0,-11.0
2023-02-23 00:00:00-05:00,MDLZ,51.49384128798529,27.0,13.0
2023-02-23 00:00:00-05:00,MELI,58.35801578065933,6.0,-13.0
2023-02-23 00:00:00-05:00,META,50.79693483805279,33.0,5.0
2023-02-23 00:00:00-05:00,MNST,50.6783454696761,35.0,8.0
2023-02-23 00:00:00-05:00,MRNA,36.62707978897885,93.0,8.0
2023-02-23 00:00:00-05:00,MRVL,48.76956551509584,44.0,-43.0
2023-02-23 00:00:00-05:00,MSFT,45.713962470536266,68.0,2.0
2023-02-23 00:00:00-05:00,MU,46.08183557314904,66.0,-16.0
2023-02-23 00:00:00-05:00,NFLX,45.29032040775324,70.0,36.0
2023-02-23 00:00:00-05:00,NVDA,64.38016132233618,2.0,-21.0
2023-02-23 00:00:00-05:00,NXPI,48.03076470227826,53.0,-8.0
2023-02-23 00:00:00-05:00,ODFL,50.92434931522319,32.0,3.0
2023-02-23 00:00:00-05:00,ORLY,54.75492159835697,14.0,4.0
2023-02-23 00:00:00-05:00,PANW,66.46456852101366,1.0,0.0
2023-02-23 00:00:00-05:00,PAYX,43.18020638329102,83.0,4.0
2023-02-23 00:00:00-05:00,PCAR,55.01022012920225,13.0,5.0
2023-02-23 00:00:00-05:00,PDD,50.73313564129516,34.0,-17.0
2023-02-23 00:00:00-05:00,PEP,52.08040748006012,23.0,7.0
2023-02-23 00:00:00-05:00,PYPL,44.94567646798696,74.0,-14.0
2023-02-23 00:00:00-05:00,QCOM,44.709368119296755,76.0,-5.0
2023-02-23 00:00:00-05:00,REGN,53.42435772365951,17.0,5.0
2023-02-23 00:00:00-05:00,RIVN,30.961306124566136,97.0,2.0
2023-02-23 00:00:00-05:00,ROST,48.562974582650206,48.0,15.0
2023-02-23 00:00:00-05:00,SBUX,49.9662733916017,39.0,18.0
2023-02-23 00:00:00-05:00,SGEN,63.65266418270361,3.0,1.0
2023-02-23 00:00:00-05:00,SIRI,32.848907252348276,95.0,-2.0
2023-02-23 00:00:00-05:00,SNPS,56.40905338679099,9.0,-26.0
2023-02-23 00:00:00-05:00,TEAM,48.38109064887627,51.0,-27.0
2023-02-23 00:00:00-05:00,TMUS,48.57055973136065,47.0,34.0
2023-02-23 00:00:00-05:00,TXN,46.48045552549451,62.0,-9.0
2023-02-23 00:00:00-05:00,VRSK,44.27852952186647,79.0,20.0
2023-02-23 00:00:00-05:00,VRTX,50.63500989888278,36.0,-2.0
2023-02-23 00:00:00-05:00,WBA,47.57715611807852,57.0,10.0
2023-02-23 00:00:00-05:00,WBD,58.87602817468905,5.0,-6.0
2023-02-23 00:00:00-05:00,WDAY,51.72386389308258,25.0,-17.0
2023-02-23 00:00:00-05:00,XEL,45.00049200870305,73.0,21.0
2023-02-23 00:00:00-05:00,ZM,40.45406502191436,89.0,-2.0
2023-02-23 00:00:00-05:00,ZS,46.298885365715016,63.0,-13.0
2023-02-24 00:00:00-05:00,ABNB,54.508567151777484,19.0,9.0
2023-02-24 00:00:00-05:00,ADBE,38.2176552340412,92.0,4.0
2023-02-24 00:00:00-05:00,ADI,55.89669823688226,14.0,3.0
2023-02-24 00:00:00-05:00,ADP,44.6107539093295,79.0,8.0
2023-02-24 00:00:00-05:00,ADSK,42.59780679727534,84.0,55.0
2023-02-24 00:00:00-05:00,AEP,49.21782196694488,48.0,-10.0
2023-02-24 00:00:00-05:00,ALGN,55.82957275310578,15.0,-28.0
2023-02-24 00:00:00-05:00,AMAT,52.27592622230041,29.0,-16.0
2023-02-24 00:00:00-05:00,AMD,48.86990258357565,56.0,-9.0
2023-02-24 00:00:00-05:00,AMGN,44.75832136563592,78.0,1.0
2023-02-24 00:00:00-05:00,ANSS,61.98826843155021,4.0,-3.0
2023-02-24 00:00:00-05:00,ASML,51.12982806239721,38.0,-4.0
2023-02-24 00:00:00-05:00,ATVI,51.18921010972468,36.0,15.0
2023-02-24 00:00:00-05:00,AVGO,52.53849449562859,26.0,-23.0
2023-02-24 00:00:00-05:00,AZN,49.06311764505175,53.0,38.0
2023-02-24 00:00:00-05:00,BIIB,49.09603753565205,50.0,-10.0
2023-02-24 00:00:00-05:00,BKNG,58.28242449289792,8.0,-10.0
2023-02-24 00:00:00-05:00,BKR,49.0410606371155,55.0,1.0
2023-02-24 00:00:00-05:00,CDNS,60.660907680688474,6.0,2.0
2023-02-24 00:00:00-05:00,CEG,46.17944646886873,70.0,-10.0
2023-02-24 00:00:00-05:00,CHTR,46.43073985304321,67.0,-17.0
2023-02-24 00:00:00-05:00,CMCSA,47.524033811706985,64.0,5.0
2023-02-24 00:00:00-05:00,COST,45.0995100935968,76.0,9.0
2023-02-24 00:00:00-05:00,CPRT,55.97015478404406,13.0,5.0
2023-02-24 00:00:00-05:00,CRWD,48.52256057873325,60.0,8.0
2023-02-24 00:00:00-05:00,CSCO,52.07302047918991,30.0,8.0
2023-02-24 00:00:00-05:00,CSGP,41.99193325824461,88.0,2.0
2023-02-24 00:00:00-05:00,CSX,48.576759722990346,59.0,-10.0
2023-02-24 00:00:00-05:00,CTAS,52.36774571413675,27.0,-23.0
2023-02-24 00:00:00-05:00,CTSH,46.98105123881254,66.0,5.0
2023-02-24 00:00:00-05:00,DDOG,41.55604255464904,89.0,8.0
2023-02-24 00:00:00-05:00,DLTR,43.843836880310334,81.0,-6.0
2023-02-24 00:00:00-05:00,DXCM,50.779809291195754,40.0,12.0
2023-02-24 00:00:00-05:00,EA,42.017376403330765,87.0,5.0
2023-02-24 00:00:00-05:00,EBAY,42.648235400632586,83.0,11.0
2023-02-24 00:00:00-05:00,ENPH,42.35487126574312,86.0,-4.0
2023-02-24 00:00:00-05:00,EXC,50.351812409863655,43.0,2.0
2023-02-24 00:00:00-05:00,FANG,54.34074085543604,20.0,0.0
2023-02-24 00:00:00-05:00,FAST,50.00977374533538,45.0,-11.0
2023-02-24 00:00:00-05:00,FISV,56.585844855552835,9.0,-7.0
2023-02-24 00:00:00-05:00,FTNT,55.16824945066136,17.0,5.0
2023-02-24 00:00:00-05:00,GFS,56.24404470042881,12.0,-7.0
2023-02-24 00:00:00-05:00,GILD,47.0274550722997,65.0,27.0
2023-02-24 00:00:00-05:00,GOOG,40.468637363426,91.0,-1.0
2023-02-24 00:00:00-05:00,GOOGL,40.77862997192937,90.0,-1.0
2023-02-24 00:00:00-05:00,HON,45.81925645530734,73.0,-2.0
2023-02-24 00:00:00-05:00,IDXX,51.713484434874,33.0,-7.0
2023-02-24 00:00:00-05:00,ILMN,44.49549995185775,80.0,2.0
2023-02-24 00:00:00-05:00,INTC,36.71462979965309,93.0,-1.0
2023-02-24 00:00:00-05:00,INTU,53.60048275583015,22.0,-4.0
2023-02-24 00:00:00-05:00,ISRG,46.23142567725384,69.0,-16.0
2023-02-24 00:00:00-05:00,JD,31.52577342246135,96.0,0.0
2023-02-24 00:00:00-05:00,KDP,51.447793570734945,34.0,10.0
2023-02-24 00:00:00-05:00,KHC,51.133311536706756,37.0,6.0
2023-02-24 00:00:00-05:00,KLAC,50.56799103928241,41.0,-14.0
2023-02-24 00:00:00-05:00,LCID,27.930708165348747,98.0,0.0
2023-02-24 00:00:00-05:00,LRCX,50.060594321627065,44.0,-20.0
2023-02-24 00:00:00-05:00,LULU,50.407716588564654,42.0,-4.0
2023-02-24 00:00:00-05:00,MAR,53.63757032111785,21.0,-16.0
2023-02-24 00:00:00-05:00,MCHP,52.70405195821714,25.0,-5.0
2023-02-24 00:00:00-05:00,MDLZ,51.05416324088474,39.0,12.0
2023-02-24 00:00:00-05:00,MELI,61.01672145029282,5.0,-1.0
2023-02-24 00:00:00-05:00,META,53.23088829482804,23.0,-10.0
2023-02-24 00:00:00-05:00,MNST,51.42844474956349,35.0,0.0
2023-02-24 00:00:00-05:00,MRNA,32.03173289643513,95.0,2.0
2023-02-24 00:00:00-05:00,MRVL,49.07564983045169,52.0,8.0
2023-02-24 00:00:00-05:00,MSFT,49.05651089588907,54.0,-14.0
2023-02-24 00:00:00-05:00,MU,49.19752626530087,49.0,-17.0
2023-02-24 00:00:00-05:00,NFLX,43.83135192143117,82.0,12.0
2023-02-24 00:00:00-05:00,NVDA,67.01182698557227,2.0,0.0
2023-02-24 00:00:00-05:00,NXPI,47.97297014577548,63.0,10.0
2023-02-24 00:00:00-05:00,ODFL,55.384041322553244,16.0,-16.0
2023-02-24 00:00:00-05:00,ORLY,51.72565974246085,32.0,18.0
2023-02-24 00:00:00-05:00,PANW,65.01894772923404,3.0,2.0
2023-02-24 00:00:00-05:00,PAYX,45.861575085947734,72.0,-11.0
2023-02-24 00:00:00-05:00,PCAR,54.65119302317725,18.0,5.0
2023-02-24 00:00:00-05:00,PDD,52.33272126221718,28.0,-6.0
2023-02-24 00:00:00-05:00,PEP,51.77560764004547,31.0,8.0
2023-02-24 00:00:00-05:00,PYPL,42.5729577290504,85.0,11.0
2023-02-24 00:00:00-05:00,QCOM,48.83136247375394,57.0,-19.0
2023-02-24 00:00:00-05:00,REGN,56.42057805452018,10.0,-7.0
2023-02-24 00:00:00-05:00,RIVN,29.459111928728493,97.0,0.0
2023-02-24 00:00:00-05:00,ROST,49.29813134518136,47.0,-1.0
2023-02-24 00:00:00-05:00,SBUX,49.08453570935407,51.0,12.0
2023-02-24 00:00:00-05:00,SGEN,68.41550117911822,1.0,-2.0
2023-02-24 00:00:00-05:00,SIRI,34.93499055171179,94.0,-1.0
2023-02-24 00:00:00-05:00,SNPS,56.354073445210375,11.0,2.0
2023-02-24 00:00:00-05:00,TEAM,45.75834131693397,74.0,23.0
2023-02-24 00:00:00-05:00,TMUS,48.63039942090516,58.0,11.0
2023-02-24 00:00:00-05:00,TXN,49.52233997695584,46.0,-16.0
2023-02-24 00:00:00-05:00,VRSK,45.08783289747671,77.0,-2.0
2023-02-24 00:00:00-05:00,VRTX,48.31143115088111,62.0,26.0
2023-02-24 00:00:00-05:00,WBA,48.31535581541972,61.0,4.0
2023-02-24 00:00:00-05:00,WBD,59.292584435829724,7.0,2.0
2023-02-24 00:00:00-05:00,WDAY,53.068971753893344,24.0,-1.0
2023-02-24 00:00:00-05:00,XEL,45.18127639598515,75.0,2.0
2023-02-24 00:00:00-05:00,ZM,46.1431464663622,71.0,-18.0
2023-02-24 00:00:00-05:00,ZS,46.300524721537144,68.0,5.0
